Name,Team,OWAR600
Barry Bonds,SFG,10.27698341
Albert Pujols,STL,5.608668719
Todd Helton,COL,5.334446732
J.D. Drew,ATL,5.292212746
Jim Edmonds,STL,5.517788396
Bobby Abreu,PHI,4.690945493
Lance Berkman,HOU,4.434055017
Adrian Beltre,LAD,4.519224693
Scott Rolen,STL,4.98880633
Melvin Mora,BAL,4.471012843
Vladimir Guerrero,ANA,4.145835251
Travis Hafner,CLE,4.529136482
Adam Dunn,CIN,3.635678244
Carlos Beltran,- - -,3.354918425
Manny Ramirez,BOS,3.345508407
Hideki Matsui,NYY,3.224857023
Gary Sheffield,NYY,3.202830172
David Ortiz,BOS,3.225991122
Mark Loretta,SDP,2.935923814
Ichiro,SEA,2.669479526
Carlos Guillen,DET,3.476858933
Brian Giles,SDP,2.741897725
Alex Rodriguez,NYY,2.786701721
J.T. Snow,SFG,4.403727328
Jim Thome,PHI,2.78334276
Erubiel Durazo,OAK,2.971077629
Aaron Rowand,CHW,3.174360782
Johnny Damon,BOS,2.362949504
Carlos Lee,CHW,2.410937745
Moises Alou,CHC,2.344157276
Eric Chavez,OAK,2.596743009
Miguel Tejada,BAL,2.051587305
Miguel Cabrera,FLA,2.130955663
Brad Wilkerson,MON,2.033227357
Mark Teixeria,TEX,2.220002715
Larry Walker,- - -,4.344558858
Ryan Klesko,SDP,2.840057982
Sean Casey,CIN,2.109042409
Ivan Rodriguez,DET,2.294336962
Aramis Ramirez,CHC,2.146594211
Frank Thomas,CHW,4.141828185
Jeff Bagwell,HOU,1.818736525
Phil Nevin,SDP,1.913360533
Mike Lowell,FLA,1.713053786
Aubrey Huff,TBD,1.695406507
Lyle Overbay,MIL,1.690883773
Javy Lopez,BAL,1.755317304
Derek Jeter,NYY,1.470274661
Ben Broussard,CLE,2.133884056
Eric Byrnes,OAK,1.623292484
Juan Pierre,FLA,1.354693464
Lew Ford,MIN,1.534877826
Jeromy Burnitz,COL,1.65444755
Derrek Lee,CHC,1.441667364
Jorge Posada,NYY,1.789215664
David Newhan,BAL,2.333151366
Craig Wilson,PIT,1.481714232
Ray Durham,SFG,1.751960752
Jason Bay,PIT,1.983131891
Jason Varitek,BOS,1.732784991
Mark Bellhorn,BOS,1.477800397
Casey Blake,CLE,1.363021638
Kevin Millar,BOS,1.535878985
Jose Guillen,ANA,1.426858352
Michael Young,TEX,1.183571053
Paul Konerko,CHW,1.349908506
Jeff Kent,HOU,1.412010992
Carlos Delgado,TOR,1.440323741
Jimmy Rollins,PHI,1.076839986
Chipper Jones,ATL,1.366832826
Mark Kotsay,OAK,1.085568345
Marcus Giles,ATL,1.679937877
Troy Glaus,ANA,2.97142391
Kevin Mench,TEX,1.461682143
Jason Kendall,PIT,1.060932194
Raul Ibanez,SEA,1.328459593
Carlos Pena,DET,1.210873855
Eli Marrero,ATL,2.405661641
Carl Crawford,TBD,0.992714457
Hank Blalock,TEX,0.92726096
Jayson Werth,LAD,1.969719342
Mike Cameron,NYM,1.133568964
Craig Monroe,DET,1.31497645
Shawn Green,LAD,0.909042082
José Hernández,LAD,2.548819473
Hee Sop Choi,- - -,1.435146532
Robb Quinlan,ANA,3.343191494
Shannon Stewart,MIN,1.35973019
Khalil Greene,SDP,1.036572851
Vernon Wells,TOR,0.961333125
Luis Gonzalez,ARI,1.247103545
David Wright,NYM,1.938364104
Chone Figgins,ANA,0.858106744
Dustan Mohr,SFG,1.648903455
Jeff DaVanon,ANA,1.572366647
Todd Hollandsworth,CHC,3.060282476
Milton Bradley,LAD,0.853189132
Victor Martinez,CLE,0.855565557
Mike Lamb,HOU,1.55808174
Ramon Hernandez,SDP,1.098768698
Craig Biggio,HOU,0.656843963
Steve Finley,- - -,0.622514037
Nomar Garciaparra,- - -,1.204113282
Rafael Furcal,ATL,0.635791652
Scott Hatteberg,OAK,0.625752265
Cliff Floyd,NYM,0.849844546
Wily Mo Peña,CIN,1.065271317
Ken Griffey Jr.,CIN,1.105071828
Randy Winn,SEA,0.544577663
Sammy Sosa,CHC,0.704156166
Jack Wilson,PIT,0.538931226
Matt Lawton,CLE,0.548661741
Joe Mauer,MIN,3.041543038
Frank Menechino,- - -,1.188468628
Keith Ginter,MIL,0.840397776
Andruw Jones,ATL,0.560583944
David Bell,PHI,0.594073516
Trot Nixon,BOS,2.119883029
Larry Bigbie,BAL,0.661556052
Mike Sweeney,KCR,0.758175181
Pat Burrell,PHI,0.62530813
Justin Morneau,MIN,1.059021023
Charles Thomas,ATL,1.228298441
Reggie Sanders,STL,0.672877477
Omar Vizquel,CLE,0.492744156
Tino Martinez,TBD,0.589027645
John Mabry,STL,1.144719334
Matt Holliday,COL,0.70541319
Johnny Estrada,ATL,0.594581378
Bernie Williams,NYY,0.465801155
Jerry Hairston,BAL,0.904484077
Corey Koskie,MIN,0.614298827
Alfonso Soriano,TEX,0.455233554
Coco Crisp,CLE,0.553772749
Torii Hunter,MIN,0.520660238
Ronnie Belliard,CLE,0.445590943
Rondell White,DET,0.561157282
Brandon Inge,DET,0.605822968
Jeremy Reed,SEA,4.195561249
Marcus Thames,DET,1.460872698
Magglio Ordonez,CHW,1.178194174
Augie Ojeda,MIN,3.503415011
Ryan Freel,CIN,0.420529383
Mark Sweeney,COL,1.09302876
Jose Vidro,MON,0.497293081
Juan Uribe,CHW,0.416227363
Julio Franco,ATL,0.625088227
Richie Sexson,ARI,2.146190023
Tony Womack,STL,0.362925978
Michael Tucker,SFG,0.390662668
Dmitri Young,DET,0.471929107
Bucky Jacobsen,SEA,1.149122421
Jorge Cantu,TBD,1.053908733
Doug Mirabelli,BOS,1.065310283
Adam LaRoche,ATL,0.541686664
Damion Easley,FLA,0.740055435
Josh Bard,CLE,7.852928869
Juan Rivera,MON,0.420497195
Olmedo Saenz,LAD,1.382903165
Darin Erstad,ANA,0.322115753
B.J. Surhoff,BAL,0.451953667
Brady Clark,MIL,0.399230692
Todd Walker,CHC,0.391369442
Shea Hillenbrand,ARI,0.256652785
Michael Cuddyer,MIN,0.400405521
Russell Branyan,MIL,0.834647851
Luis Castillo,FLA,0.224998492
Eric Valent,NYM,0.482214318
Tony Torcato,SFG,11.46349613
Rocco Baldelli,TBD,0.240818301
Eric Bruntlett,HOU,2.190988913
Dave Roberts,- - -,0.35357604
Kelly Stinnett,KCR,1.847583681
Garrett Atkins,COL,3.55103707
Michael Barrett,CHC,0.23155277
Midre Cummings,TBD,1.918889818
Jason Ellison,SFG,28.51608185
Jason Lane,HOU,0.718373569
Vinny Castilla,COL,0.172660219
Adam Kennedy,ANA,0.208024293
Gary Matthews,TEX,0.348916063
Shane Spencer,NYM,0.501985721
Jamie Burke,CHW,0.753606108
Wes Obermueller,MIL,2.117527593
David Dellucci,TEX,0.228193223
Orlando Hudson,TOR,0.156250506
Terry Tiffee,MIN,1.743484564
Corey Patterson,CHC,0.119671502
Jeff Conine,FLA,0.139801137
Danny Garcia,NYM,0.463325989
Adam Hyzdu,BOS,7.310490041
Jason Kubel,MIN,1.128005183
Rafael Palmeiro,BAL,0.109064377
Ryan Howard,PHI,1.685122832
Stephen Randolph,ARI,5.856326415
Russ Adams,TOR,0.844623973
Anderson Machado,CIN,0.989287477
Garret Anderson,ANA,0.130669135
David Segui,BAL,0.92737812
Victor Diaz,NYM,1.113522588
Matt Diaz,TBD,2.42974621
Junior Spivey,MIL,0.210910704
Terrmel Sledge,MON,0.119901202
Brandon Backe,HOU,2.543393559
Joey Eischen,MON,12.84227536
Nick Swisher,OAK,0.68503513
Andrés Blanco,KCR,0.709750535
So Taguchi,STL,0.228927854
Charles Gipson,TBD,9.245077068
Michael Gonzalez,PIT,46.15754291
Neal Cotts,CHW,46.07822373
Miguel Cairo,NYY,0.110326075
Ernie Young,CLE,8.462099077
Ryan Drese,TEX,9.59762435
Jamey Carroll,MON,0.137569141
Kevin Correia,SFG,7.809507421
Jim Brower,SFG,10.05559781
Salomon Torres,PIT,14.52874918
Scott Schoeneweis,CHW,14.44943
Al Reyes,STL,28.28476202
Justin Leone,SEA,0.20671463
Geoff Jenkins,MIL,0.033424943
Chase Utley,PHI,0.073820056
B.J. Upton,TBD,0.115633687
Jose Offerman,MIN,0.092395604
Todd Jones,- - -,18.6404962
Elizardo Ramirez,PHI,18.6404962
Damon Hollins,ATL,0.779260672
Gary Knotts,DET,3.513940421
Lou Collier,PHI,0.416598076
Omar Infante,DET,0.031289781
Jason Davis,CLE,3.355776101
Kerry Robinson,SDP,0.147672742
Mickey Lopez,SEA,2.073380358
Andres Torres,DET,#DIV/0!
Jamie Moyer,SEA,5.923379534
Brad Halsey,NYY,5.755739236
Mike Stanton,NYM,5.710798377
Jason Simontacchi,STL,5.682178759
Dan Miceli,HOU,5.425978625
Chad Bentz,MON,5.299318457
Jarrod Washburn,ANA,1.338911383
Steve Reed,COL,4.597378993
Andres Galarraga,ANA,0.759871474
Calvin Murray,CHC,1.35816687
Dioner Navarro,NYY,0.812513031
Nick Johnson,MON,0.013548748
Chris Aguila,FLA,0.055128281
Scott Dohmann,COL,0.706136746
Rick Ankiel,STL,1.032186001
Jeremy Griffiths,HOU,0.775985867
Ray Olmedo,CIN,0.762006193
Kevin Appier,KCR,#DIV/0!
Mickey Callaway,TEX,#DIV/0!
Al Levine,DET,#DIV/0!
Troy Percival,ANA,#DIV/0!
Lou Pote,CLE,#DIV/0!
Ben Weber,ANA,#DIV/0!
Byung-Hyun Kim,BOS,#DIV/0!
Mike Koplove,ARI,#DIV/0!
Matt Mantei,ARI,#DIV/0!
Mike Myers,- - -,#DIV/0!
Eddie Oropesa,SDP,#DIV/0!
Jose Parra,NYM,#DIV/0!
John Ennis,DET,#DIV/0!
Kevin Gryboski,ATL,#DIV/0!
Chris Hammond,OAK,#DIV/0!
Kerry Ligtenberg,TOR,#DIV/0!
Damian Moss,TBD,#DIV/0!
Joe Nelson,BOS,#DIV/0!
Rick Bauer,BAL,#DIV/0!
Sean Douglass,TOR,#DIV/0!
Buddy Groom,BAL,#DIV/0!
Jorge Julio,BAL,#DIV/0!
Rodrigo Lopez,BAL,#DIV/0!
B.J. Ryan,BAL,#DIV/0!
Rafael Betancourt,CLE,#DIV/0!
Frank Castillo,BOS,#DIV/0!
Ugueth Urbina,DET,#DIV/0!
Keith Foulke,BOS,#DIV/0!
Bob Howry,CLE,#DIV/0!
Damaso Marte,CHW,#DIV/0!
Antonio Osuna,SDP,#DIV/0!
Todd Ritchie,TBD,#DIV/0!
Dan Wright,CHW,#DIV/0!
Kelly Wunsch,CHW,#DIV/0!
Joe Borowski,CHC,#DIV/0!
Will Cunnane,ATL,#DIV/0!
Leo Estrella,SFG,#DIV/0!
Donovan Osborne,NYY,#DIV/0!
Carlos Almanzar,TEX,#DIV/0!
Craig Dingman,DET,#DIV/0!
Jared Fernandez,HOU,#DIV/0!
Danny Graves,CIN,#DIV/0!
Brian Reith,CIN,#DIV/0!
Chris Reitsma,ATL,#DIV/0!
Scott Sullivan,KCR,#DIV/0!
Gabe White,- - -,#DIV/0!
Scott Williamson,BOS,#DIV/0!
Danys Baez,TBD,#DIV/0!
Jamie Brown,BOS,#DIV/0!
Dave Maurer,TOR,#DIV/0!
Ricardo Rincon,OAK,#DIV/0!
David Riske,CLE,#DIV/0!
Bob Wickman,CLE,#DIV/0!
Shawn Chacon,COL,#DIV/0!
Brian Fuentes,COL,#DIV/0!
Jose Jimenez,CLE,#DIV/0!
Rick White,CLE,#DIV/0!
Nate Cornejo,DET,#DIV/0!
Seth Greisinger,MIN,#DIV/0!
Danny Patterson,DET,#DIV/0!
Jamie Walker,DET,#DIV/0!
Toby Borland,FLA,#DIV/0!
Vic Darensbourg,- - -,#DIV/0!
Jason Grilli,CHW,#DIV/0!
Vladimir Nunez,COL,#DIV/0!
Julian Tavarez,STL,#DIV/0!
Michael Tejera,- - -,#DIV/0!
Doug Brocail,TEX,#DIV/0!
Octavio Dotel,- - -,#DIV/0!
C.J. Nitkowski,- - -,#DIV/0!
Brandon Puffer,SDP,#DIV/0!
Shane Reynolds,ARI,#DIV/0!
Jeremy Affeldt,KCR,#DIV/0!
Nate Field,KCR,#DIV/0!
Jason Grimsley,- - -,#DIV/0!
Roberto Hernandez,PHI,#DIV/0!
Mike MacDougal,KCR,#DIV/0!
Brian Shouse,TEX,#DIV/0!
Andy Ashby,SDP,#DIV/0!
Kevin Brown,NYY,#DIV/0!
Valerio De Los Santos,TOR,#DIV/0!
Chad Fox,FLA,#DIV/0!
Ryan Glynn,TOR,#DIV/0!
Curt Leskanic,- - -,#DIV/0!
Luis Vizcaino,MIL,#DIV/0!
Grant Balfour,MIN,#DIV/0!
Jack Cressend,CLE,#DIV/0!
LaTroy Hawkins,CHC,#DIV/0!
Michael Jackson,CHW,#DIV/0!
J.C. Romero,MIN,#DIV/0!
Brad Thomas,MIN,#DIV/0!
Bruce Chen,BAL,#DIV/0!
Darwin Cubillan,BAL,#DIV/0!
Dicky Gonzalez,TBD,#DIV/0!
Matt Herges,SFG,#DIV/0!
Scott Stewart,- - -,#DIV/0!
Todd Williams,BAL,#DIV/0!
Orlando Hernandez,NYY,#DIV/0!
Steve Karsay,NYY,#DIV/0!
Ramiro Mendoza,BOS,#DIV/0!
Mariano Rivera,NYY,#DIV/0!
Pedro Astacio,BOS,#DIV/0!
Mike Bacsik,TEX,#DIV/0!
Jeff D'Amico,CLE,#DIV/0!
John Franco,NYM,#DIV/0!
Grant Roberts,NYM,#DIV/0!
Chad Bradford,OAK,#DIV/0!
Justin Duchscherer,OAK,#DIV/0!
Billy Koch,- - -,#DIV/0!
Jim Mecir,OAK,#DIV/0!
Mike Venafro,LAD,#DIV/0!
Terry Adams,- - -,#DIV/0!
Jose Mesa,PIT,#DIV/0!
Cliff Politte,CHW,#DIV/0!
Joe Roa,MIN,#DIV/0!
Joe Beimel,MIN,#DIV/0!
Mike Fetters,ARI,#DIV/0!
Ron Villone,SEA,#DIV/0!
Jason Boyd,PIT,#DIV/0!
Mike Bynum,SDP,#DIV/0!
Alan Embree,BOS,#DIV/0!
Jeremy Fikac,MON,#DIV/0!
Trevor Hoffman,SDP,#DIV/0!
Kevin Jarvis,- - -,#DIV/0!
Kevin Walker,SFG,#DIV/0!
Shigetoshi Hasegawa,SEA,#DIV/0!
Julio Mateo,SEA,#DIV/0!
Gil Meche,SEA,#DIV/0!
Jeff Nelson,TEX,#DIV/0!
Arthur Rhodes,OAK,#DIV/0!
Rafael Soriano,SEA,#DIV/0!
Jason Christiansen,SFG,#DIV/0!
Aaron Fultz,MIN,#DIV/0!
Tim Worrell,PHI,#DIV/0!
Mike Matthews,CIN,#DIV/0!
Josh Pearce,STL,#DIV/0!
Mike Timlin,BOS,#DIV/0!
Travis Harper,TBD,#DIV/0!
Tom Martin,- - -,#DIV/0!
Bobby Seay,TBD,#DIV/0!
Jorge Sosa,TBD,#DIV/0!
Jason Standridge,TBD,#DIV/0!
Esteban Yan,DET,#DIV/0!
Francisco Cordero,TEX,#DIV/0!
R.A. Dickey,TEX,#DIV/0!
Dan Kolb,MIL,#DIV/0!
Colby Lewis,TEX,#DIV/0!
Aaron Myette,CIN,#DIV/0!
Chan Ho Park,TEX,#DIV/0!
Jay Powell,TEX,#DIV/0!
Rudy Seanez,- - -,#DIV/0!
Felix Heredia,NYY,#DIV/0!
Justin Miller,TOR,#DIV/0!
Matt Perisho,FLA,#DIV/0!
Kurt Ainsworth,BAL,#DIV/0!
Brendan Donnelly,ANA,#DIV/0!
Bobby Jones,BOS,#DIV/0!
Mike Lincoln,STL,#DIV/0!
Blaine Neal,SDP,#DIV/0!
Bret Prinz,NYY,#DIV/0!
Rodney Myers,LAD,#DIV/0!
Kirk Saarloos,OAK,#DIV/0!
Ryan Bukvich,KCR,#DIV/0!
Jaime Cerda,KCR,#DIV/0!
Kevin Frederick,TOR,#DIV/0!
Jason Kershner,TOR,#DIV/0!
Shane Nance,ARI,#DIV/0!
Lance Carter,TBD,#DIV/0!
Pedro Feliciano,NYM,#DIV/0!
Jeriome Robertson,CLE,#DIV/0!
Esix Snead,NYM,#DIV/0!
Aaron Taylor,SEA,#DIV/0!
Joe Dawley,CLE,#DIV/0!
Andy Pratt,CHC,#DIV/0!
Francisco Rodríguez,ANA,#DIV/0!
Russ Springer,HOU,#DIV/0!
Oscar Villarreal,ARI,#DIV/0!
Jason Anderson,CLE,#DIV/0!
D.J. Carrasco,KCR,#DIV/0!
Wilfredo Ledezma,DET,#DIV/0!
Aquilino Lopez,TOR,#DIV/0!
Trever Miller,TBD,#DIV/0!
Steve Colyer,DET,#DIV/0!
Josh Stewart,CHW,#DIV/0!
Mike Neu,FLA,#DIV/0!
Jesse Foppert,SFG,#DIV/0!
Rosman Garcia,TEX,#DIV/0!
Erasmo Ramirez,TEX,#DIV/0!
Todd Wellemeyer,CHC,#DIV/0!
Geremi Gonzalez,TBD,#DIV/0!
Phil Norton,CIN,#DIV/0!
Jose Valverde,ARI,#DIV/0!
Rod Beck,SDP,#DIV/0!
Micheal Nakamura,TOR,#DIV/0!
Matt Miller,CLE,#DIV/0!
Jason Stanford,CLE,#DIV/0!
Mark Malaska,BOS,#DIV/0!
Ryan Wagner,CIN,#DIV/0!
Chin-hui Tsao,COL,#DIV/0!
Roy Corcoran,MON,#DIV/0!
Kevin Gregg,ANA,#DIV/0!
J.J. Putz,SEA,#DIV/0!
Juan Dominguez,TEX,#DIV/0!
Jon Adkins,CHW,#DIV/0!
Masao Kida,- - -,#DIV/0!
Doug Waechter,TBD,#DIV/0!
Carlos Pulido,MIN,#DIV/0!
Jorge De Paula,NYY,#DIV/0!
Vinnie Chulk,TOR,#DIV/0!
David Lee,CLE,#DIV/0!
Shawn Camp,KCR,#DIV/0!
Ben Ford,MIL,#DIV/0!
Lino Urdaneta,DET,#DIV/0!
Mike Johnston,PIT,#DIV/0!
Cliff Bartosh,CLE,#DIV/0!
Lenny DiNardo,BOS,#DIV/0!
Shingo Takatsu,CHW,#DIV/0!
David Aardsma,SFG,#DIV/0!
Phil Seibel,BOS,#DIV/0!
Jason Frasor,TOR,#DIV/0!
Alex Graman,NYY,#DIV/0!
Scott Proctor,NYY,#DIV/0!
Ryan Snare,TEX,#DIV/0!
Justin Huisman,KCR,#DIV/0!
Rigo Beltran,MON,#DIV/0!
Matt Thornton,SEA,#DIV/0!
Franklyn Gracesqui,FLA,#DIV/0!
Eduardo Villacis,KCR,#DIV/0!
Jim Crowell,PHI,#DIV/0!
Brian Bruney,ARI,#DIV/0!
Frank Francisco,TEX,#DIV/0!
Mike Adams,MIL,#DIV/0!
Anastacio Martinez,BOS,#DIV/0!
Denny Bautista,- - -,#DIV/0!
Marc Kroon,COL,#DIV/0!
Chris Tremie,HOU,#DIV/0!
Dave Borkowski,BAL,#DIV/0!
Marty McLeary,SDP,#DIV/0!
Steve Watkins,SDP,#DIV/0!
Franklin Nunez,TBD,#DIV/0!
Travis Hughes,TEX,#DIV/0!
Gustavo Chacin,TOR,#DIV/0!
Jeremy Guthrie,CLE,#DIV/0!
Bobby Madritsch,SEA,#DIV/0!
Francisco Cruceta,CLE,#DIV/0!
Fernando Cabrera,CLE,#DIV/0!
Sam Marsonek,NYY,#DIV/0!
Justin Lehr,OAK,#DIV/0!
Bartolome Fortunato,- - -,#DIV/0!
Roberto Novoa,DET,#DIV/0!
Jorge Vasquez,KCR,#DIV/0!
Nick Regilio,TEX,#DIV/0!
Roman Colon,ATL,#DIV/0!
Jake Robbins,CLE,#DIV/0!
Randy Williams,SEA,#DIV/0!
Jimmy Serrano,KCR,#DIV/0!
Juan Padilla,- - -,#DIV/0!
Scott Dunn,ANA,#DIV/0!
Aaron Rakers,BAL,#DIV/0!
Scott Atchison,SEA,#DIV/0!
Dusty Bergman,ANA,#DIV/0!
Santiago Casilla,OAK,#DIV/0!
Jeff Bajenaru,CHW,#DIV/0!
Carmen Cali,STL,#DIV/0!
Chris Young,TEX,#DIV/0!
Travis Blackley,SEA,#DIV/0!
Joe Hietpas,NYM,#DIV/0!
Brandon League,TOR,#DIV/0!
Dan Meyer,ATL,#DIV/0!
Kameron Loe,TEX,#DIV/0!
Sam Narron,TEX,#DIV/0!
Adam Peterson,TOR,#DIV/0!
John Maine,BAL,#DIV/0!
Jesse Crain,MIN,#DIV/0!
Joe Blanton,OAK,#DIV/0!
Scott Kazmir,TBD,#DIV/0!
Abe Alvarez,BOS,#DIV/0!
George Sherrill,SEA,#DIV/0!
Merkin Valdez,SFG,#DIV/0!
Kyle Denney,CLE,#DIV/0!
John Webb,TBD,#DIV/0!
J.D. Durbin,MIN,#DIV/0!
Cha Seung Baek,SEA,#DIV/0!
Johan Santana,MIN,-0.074366478
Ben Grieve,- - -,-0.005116922
Luis Ayala,MON,-0.227883081
Jon Rauch,- - -,-0.505948277
Juan Cruz,ATL,-0.512736645
Wayne Franklin,SFG,-0.759115192
Duaner Sanchez,LAD,-0.991767878
Javier Vazquez,NYY,-1.032447154
Cliff Lee,CLE,-1.73261489
Kazuhito Tadano,CLE,-1.73261489
Jon Lieber,NYY,-1.778455183
Jason Isringhausen,STL,-1.852015659
Francis Beltran,- - -,-2.187195823
Derek Lowe,BOS,-1.348227198
Damon Minor,SFG,-0.096590461
Ray Lankford,STL,-0.036050497
Dallas McPherson,ANA,-0.206125161
Jose Flores,LAD,-1.784095261
Willy Taveras,HOU,-5.176604453
Andy Phillips,NYY,-1.598210859
Lance Cormier,ARI,-1.450214875
Brian Falkenborg,LAD,-4.837771079
Tim Drew,ATL,-5.071471057
Paul Phillips,KCR,-2.61509703
Nick Punto,MIN,-0.155056671
Chris George,KCR,-5.415090642
Ricky Stone,- - -,-16.47214479
Jason Szuminski,SDP,-16.47214479
Akinori Otsuka,SDP,-16.47214479
Eddie Guardado,SEA,-16.67920372
Aaron Sele,ANA,-16.74916378
Scot Shields,ANA,-16.74916378
Derrick Turnbow,ANA,-16.74916378
Matt Hensley,ANA,-16.74916378
Armando Benitez,FLA,-16.76056451
Josias Manzanillo,FLA,-16.76056451
Franklyn German,DET,-16.76890394
Darren Dreifort,LAD,-16.80616474
Yhency Brazoban,LAD,-16.80616474
Tom Gordon,NYY,-16.84684402
Paul Quantrill,NYY,-16.84684402
Mike Mussina,NYY,-16.84684402
John Parrish,BAL,-16.88038415
Mike DeJean,- - -,-16.88038415
Jack Cust,BAL,-16.88038415
Eddy Rodriguez,BAL,-16.88038415
Orber Moreno,NYM,-16.89178488
Heath Bell,NYM,-16.89178488
Steve Kline,STL,-16.9204045
Kiko Calero,STL,-16.9204045
Dewon Brazelton,TBD,-16.96276373
Felix Rodriguez,- - -,-16.98118469
Justin Knoedler,SFG,-16.98118469
Juan Rincon,MIN,-17.02630392
Joe Nathan,MIN,-17.02630392
Matt Guerrier,MIN,-17.02630392
Antonio Alfonseca,ATL,-17.03986472
Armando Almanza,ATL,-17.03986472
Sam McConnell,ATL,-17.03986472
Travis Phelps,MIL,-17.0867846
Corey Hart,MIL,-17.0867846
Pedro Liriano,MIL,-17.0867846
Willis Roberts,PIT,-17.10004455
Mark Corey,PIT,-17.10004455
Brian Boehringer,PIT,-17.10004455
John Grabow,PIT,-17.10004455
Frank Brooks,PIT,-17.10004455
Mike Remlinger,CHC,-17.16022438
Kyle Farnsworth,CHC,-17.16022438
Ryan Dempster,CHC,-17.16022438
Jimmy Anderson,- - -,-17.16022438
Michael Wuertz,CHC,-17.16022438
Jon Leicester,CHC,-17.16022438
Brad Lidge,HOU,-17.17660463
Chad Harville,- - -,-17.17660463
Mike Gallo,HOU,-17.17660463
Chad Qualls,HOU,-17.17660463
Felix Diaz,CHW,-17.17936373
Arnie Munoz,CHW,-17.17936373
Joe Valentine,CIN,-17.19058431
Pat Hentgen,TOR,-17.2081635
Justin Speier,TOR,-17.2081635
Bob File,TOR,-17.2081635
Rheal Cormier,PHI,-17.2646848
Geoff Geary,PHI,-17.2646848
Rich Thompson,KCR,-17.38348431
Randy Choate,ARI,-17.49226487
Brandon Villafuerte,ARI,-17.49226487
Chad Durbin,- - -,-17.49226487
Scott Service,ARI,-17.49226487
Greg Aquino,ARI,-17.49226487
Ron Mahay,TEX,-17.51806414
Travis Driskill,COL,-18.00520426
Allan Simpson,COL,-18.00520426
Chris Gissell,COL,-18.00520426
Larry Sutton,FLA,-3.242173258
Joel Pineiro,SEA,-4.027686229
Mark Hendrickson,TBD,-3.444372478
John Van Benschoten,PIT,-1.911306862
Wilson Delgado,NYM,-0.145677112
Rob Bell,TBD,-4.311246237
CC Sabathia,CLE,-5.499712099
Michael Restovich,MIN,-0.449883329
Joe Horgan,MON,-6.001973172
Dennis Tankersley,SDP,-2.435335176
Brian Dallimore,SFG,-0.509270914
Chris Snyder,ARI,-0.239214595
Miguel Ojeda,SDP,-0.152938422
Julio Lugo,TBD,-0.041273093
Mark Mulder,OAK,-4.751454192
Jon Garland,CHW,-5.875443358
Calvin Pickering,KCR,-0.212698586
Josh Willingham,FLA,-1.063140744
Brian Meadows,PIT,-8.123749302
Nook Logan,DET,-0.214459405
Kirk Bullinger,HOU,-8.200309383
Edwin Jackson,LAD,-5.500491876
Kevin Youkilis,BOS,-0.133790702
Clint Nageotte,SEA,-16.67920372
Jon Knott,SDP,-2.230443284
Kelvim Escobar,ANA,-16.74916378
John Lackey,ANA,-16.74916378
Aaron Small,FLA,-16.76056451
Giovanni Carrara,LAD,-16.80616474
Matt Riley,BAL,-16.88038415
Eric DuBose,BAL,-16.88038415
Danny Ardoin,TEX,-3.070726909
Braden Looper,NYM,-16.89178488
Ricky Bottalico,NYM,-16.89178488
James Baldwin,NYM,-16.89178488
Ray King,STL,-16.9204045
Randy Flores,STL,-16.9204045
Jesus Colome,TBD,-16.96276373
Chad Gaudin,TBD,-16.96276373
Mike Rose,OAK,-16.96984387
Scott Eyre,SFG,-16.98118469
Terry Mulholland,MIN,-17.02630392
John Smoltz,ATL,-17.03986472
Jose Capellan,ATL,-17.03986472
Jeff Bennett,MIL,-17.0867846
Chris Saenz,MIL,-17.0867846
Kent Mercker,CHC,-17.16022438
Pedro Martinez,BOS,-17.16262406
Tim Wakefield,BOS,-17.16262406
Dave Bush,TOR,-17.2081635
Billy Wagner,PHI,-17.2646848
Gary Majewski,MON,-17.3032648
Brian Anderson,KCR,-17.38348431
Jimmy Gobble,KCR,-17.38348431
Mike Wood,KCR,-17.38348431
Zack Greinke,KCR,-17.38348431
Ricardo Rodriguez,TEX,-17.51806414
Bill Mueller,BOS,-0.076642551
Randy Wolf,PHI,-0.641931672
Turk Wendell,COL,-18.00520426
Geronimo Gil,BAL,-1.054222155
Mark Grudzielanek,CHC,-0.136376521
Antonio Perez,LAD,-2.729516342
Ryan Franklin,SEA,-7.700279729
Humberto Cota,PIT,-0.5615311
Colin Porter,STL,-1.12360494
Grady Sizemore,CLE,-0.248744097
Jason Dubois,CHC,-1.649717582
Kelly Dransfeldt,CHW,-1.510974869
Brandon Duckworth,HOU,-4.545053229
Dan Wheeler,- - -,-7.848999081
Earl Snyder,BOS,-11.86133253
Erik Bedard,BAL,-9.699347951
Scott Linebrink,SDP,-16.47214479
René Rivera,SEA,-16.67920372
Ramon Ortiz,ANA,-16.74916378
Bartolo Colon,ANA,-16.74916378
Curtis Granderson,DET,-1.795622329
David Weathers,- - -,-16.76056451
Ben Howard,FLA,-16.76056451
Logan Kensing,FLA,-16.76056451
Nate Robertson,DET,-16.76890394
Eric Gagne,LAD,-16.80616474
Tanyon Sturtze,NYY,-16.84684402
Scott Erickson,- - -,-16.89178488
Craig Brazell,NYM,-1.450777616
John Halama,TBD,-16.96276373
Tim Hudson,OAK,-16.96984387
Brian Cooper,SFG,-16.98118469
Brad Radke,MIN,-17.02630392
Carlos Silva,MIN,-17.02630392
Ian Snell,PIT,-17.10004455
John Riedling,CIN,-17.19058431
Josh Towers,TOR,-17.2081635
Chad Cordero,MON,-17.3032648
Shawn Hill,MON,-17.3032648
Chad Mottola,BAL,-3.264643658
Nick Bierbrodt,TEX,-17.51806414
John Wasdin,TEX,-17.51806414
Matt Ginter,NYM,-2.7973169
Hiram Bocachica,SEA,-0.499404236
Javier López,COL,-18.00520426
Adrian Brown,KCR,-5.054802531
Matt Erickson,MIL,-9.552590186
Clint Barmes,COL,-0.757537356
Kenny Lofton,NYY,-0.194744852
Brian Sweeney,SDP,-16.47214479
Freddy Garcia,- - -,-16.67920372
Alberto Castillo,KCR,-0.638233366
Justin Wayne,FLA,-16.76056451
Jason Johnson,DET,-16.76890394
Bobby Estalella,- - -,-2.165370661
Jake Westbrook,CLE,-16.80100373
Daniel Cabrera,BAL,-16.88038415
Barry Zito,OAK,-16.96984387
Kyle Lohse,MIN,-17.02630392
Dave Burba,- - -,-17.06038463
Jung Keun Bong,CIN,-17.19058431
Jimmy Haynes,CIN,-17.19058431
Ted Lilly,TOR,-17.2081635
Amaury Telemaco,PHI,-17.2646848
Ryan Madson,PHI,-17.2646848
Darrell May,KCR,-17.38348431
Matt Kinney,- - -,-7.040023715
Tim Harikkala,COL,-18.00520426
Nelson Figueroa,PIT,-10.64216362
Curt Schilling,BOS,-10.70474313
A.J. Hinch,PHI,-6.858979884
Eric Crozier,TOR,-1.958952585
Jeffrey Hammonds,SFG,-0.681230536
Jason Bartlett,MIN,-5.643611454
Scott Elarton,- - -,-4.727405581
Manny Alexander,TEX,-3.698252528
Jhonny Peralta,CLE,-2.909886422
Jay Witasick,SDP,-16.47214479
Brad Hennessey,SFG,-5.546472659
Nate Bump,FLA,-16.76056451
Mike Maroth,DET,-16.76890394
Ross Gload,CHW,-0.323293926
Sidney Ponson,BAL,-16.88038415
Mark Redman,OAK,-16.96984387
Rich Harden,OAK,-16.96984387
Matt Wise,MIL,-17.0867846
Adrian Hernandez,MIL,-17.0867846
Mark Buehrle,CHW,-17.17936373
Esteban Loaiza,- - -,-17.17936373
Jesus Sanchez,CIN,-17.19058431
Miguel Batista,TOR,-17.2081635
Val Majewski,BAL,-6.690941509
Victor Zambrano,- - -,-7.254216828
Alexis Gomez,KCR,-2.818835435
Kenny Rogers,TEX,-17.51806414
Alex Prieto,MIN,-2.500183099
Jason Young,COL,-18.00520426
Bobby Higginson,DET,-0.17065408
Travis Smith,ATL,-11.38921891
Homer Bush,NYY,-11.42119938
Andy Dominique,BOS,-8.398048326
Guillermo Mota,- - -,-7.744801795
Alan Zinter,ARI,-2.351123724
Jorge Piedra,COL,-0.978495703
Chin-Feng Chen,LAD,-9.625128545
Mike Tonis,KCR,-13.96845848
Mike Gosling,ARI,-12.36201446
José Cruz Jr.,TBD,-0.157228502
Tommy Phelps,FLA,-16.76056451
Cal Eldred,STL,-16.9204045
Sandy Martinez,- - -,-17.04208395
Roy Halladay,TOR,-17.2081635
Dennys Reyes,KCR,-17.38348431
Brian Powell,PHI,-11.61330878
Tom Wilson,- - -,-8.045594501
Andrew Good,ARI,-17.49226487
Joaquín Benoit,TEX,-17.51806414
Placido Polanco,PHI,-0.193385518
Adam Melhuse,OAK,-0.46650765
Adam Bernero,COL,-18.00520426
Felix Escalona,NYY,-12.02404878
David Kelton,CHC,-10.83446563
Joe Thurston,LAD,-6.032784581
Dave Williams,PIT,-12.07724827
Jody Gerut,CLE,-0.199293247
Brian Daubach,BOS,-1.272837645
Andy Tracy,COL,-6.500904171
Bo Hart,STL,-7.897867781
Mark Johnson,MIL,-7.527781451
Jeff Liefer,MIL,-3.644044769
Cody Ransom,SFG,-1.461102407
Jason Michaels,PHI,-0.329568472
Mike Piazza,NYM,-0.215991915
Chad Hermansen,TOR,-16.35102063
J.R. House,PIT,-12.73809043
Sterling Hitchcock,SDP,-16.47214479
Jeremy Bonderman,DET,-16.76890394
Pedro Feliz,SFG,-0.221224606
Robin Ventura,LAD,-0.677477249
Tyler Walker,SFG,-16.98118469
Xavier Nady,SDP,-1.417059407
Barry Larkin,CIN,-0.308709715
Jason Alfaro,HOU,-9.956686873
Gary Glover,MIL,-17.0867846
Jorge De La Rosa,MIL,-17.0867846
Bronson Arroyo,BOS,-17.16262406
Lou Merloni,CLE,-0.562271498
Jermaine Dye,OAK,-0.205656743
Ryan Ludwick,CLE,-2.261377527
Edgardo Alfonzo,SFG,-0.216960962
Edgar Gonzalez,ARI,-8.361835937
Denny Stark,COL,-14.01573971
Paul Abbott,- - -,-9.043515243
Elmer Dessens,- - -,-4.366354827
Dewayne Wise,ATL,-0.731029327
Dave Krynzel,MIL,-2.728700908
Sean Burroughs,SDP,-0.228373286
Tony Alvarez,PIT,-2.870027046
Trent Durrington,MIL,-1.487771253
Justin Germano,SDP,-16.47214479
Ellis Burks,BOS,-3.596936707
Greg Myers,TOR,-6.671369862
Josh Paul,ANA,-1.653956008
Jose Contreras,- - -,-16.84684402
Vance Wilson,NYM,-0.784603937
Raul Gonzalez,CLE,-12.69144314
Adrián González,TEX,-3.254472724
Ruben Sierra,NYY,-0.432312155
Jeff Duncan,NYM,-8.645530918
Carlos Rivera,PIT,-8.763656557
Joey Gathright,TBD,-2.618108998
Ramon Castro,OAK,-9.363774535
Jason Marquis,STL,-1.984802457
Josh Hancock,- - -,-7.238238006
Dave Hansen,- - -,-1.188007965
Curtis Pride,ANA,-3.632896562
Byron Gettis,KCR,-3.115177114
Tyler Yates,NYM,-12.78182599
Andy Pettitte,HOU,-5.383479144
Wilton Guerrero,KCR,-4.924450258
Ramon Nivar,TEX,-7.526212787
Koyie Hill,ARI,-4.167251915
Alex Cora,LAD,-0.329828455
Marquis Grissom,SFG,-0.265674627
David DeJesus,KCR,-0.393081599
T.J. Tucker,MON,-13.53616759
Tony Clark,NYY,-0.575964372
Eric Young Sr.,TEX,-0.406643473
Todd Linden,SFG,-4.098668826
Chris Shelton,DET,-2.954184638
Chris Capuano,MIL,-5.191591509
Brandon Phillips,CLE,-6.940982412
Mark Little,CLE,-7.251830739
Jason Smith,DET,-0.994605758
Aaron Heilman,NYM,-16.89178488
JD Closser,COL,-1.382810474
Todd Pratt,PHI,-1.151138279
Gavin Floyd,PHI,-17.2646848
Todd Van Poppel,CIN,-7.659117759
Paul Byrd,ATL,-4.158021889
Casey Daigle,ARI,-10.05019576
Luke Hudson,CIN,-10.17305575
Donnie Murphy,KCR,-6.784110399
Wilson Valdez,CHW,-3.990513003
Esteban German,OAK,-2.883287632
Dave McCarty,BOS,-1.130055238
Sun-Woo Kim,MON,-5.951045922
Greg Dobbs,SEA,-3.40414143
Ricky Ledee,- - -,-0.931074863
Wade Miller,HOU,-5.453631098
Adam Eaton,SDP,-2.537829677
Freddy Sanchez,PIT,-9.661971612
Donnie Sadler,ARI,-8.091201405
Ben Hendrickson,MIL,-11.43575221
Brian Roberts,BAL,-0.264920092
Jeff Fassero,- - -,-8.153033661
D'Angelo Jimenez,CIN,-0.3042105
Felipe Lopez,CIN,-0.677246608
Ryan Vogelsong,PIT,-4.616661865
Matt Stairs,KCR,-0.41396606
Eric Munson,DET,-0.582059471
Sergio Mitre,CHC,-10.96203252
Humberto Quintero,SDP,-2.67165412
Chris Burke,HOU,-10.43056919
Austin Kearns,CIN,-0.848309835
Brooks Kieschnick,MIL,-3.070471329
Henry Mateo,MON,-4.564204594
Matt Treanor,FLA,-3.445760498
Tom Glavine,NYM,-2.946089959
Jeff Cirillo,SDP,-2.638261307
Carlos Hernández,HOU,-13.40841211
Darnell McDonald,BAL,-6.354248395
Travis Lee,NYY,-10.83813966
Adam Riggs,ANA,-6.087039205
Gregg Zaun,TOR,-0.585301634
Eduardo Perez,TBD,-5.464058205
J.J. Davis,PIT,-5.757570123
Jeff Keppinger,NYM,-1.916216258
Dan Haren,STL,-16.9204045
Ryan Raburn,DET,-7.650083003
Orlando Palmeiro,HOU,-1.524445885
Brandon Claussen,CIN,-10.87409167
Jonny Gomes,TBD,-15.95540732
Rocky Biddle,MON,-17.3032648
Chris Magruder,MIL,-2.403895358
Hector Luna,STL,-1.265278209
Jae Weong Seo,NYM,-6.481057484
Mike DiFelice,- - -,-8.825689479
Rob Bowen,MIN,-7.725503493
Jermaine Clark,CIN,-7.279419198
Josh Labandeira,MON,-17.73183623
Ramon Santiago,SEA,-5.524955973
Kip Wells,PIT,-4.974033633
Jason Romano,- - -,-6.805330999
Jeff Francis,COL,-18.00520426
Luis Lopez,MON,-9.443049132
Juan Gonzalez,KCR,-1.848172406
Hideo Nomo,LAD,-9.452390645
Adam Everett,HOU,-0.590975009
Bubba Crosby,NYY,-4.463947724
Tim Raines,BAL,-2.584258268
Roger Cedeno,STL,-1.180187366
Damian Jackson,- - -,-7.788754257
Brandon Berger,KCR,-7.36755543
Gerald Williams,NYM,-1.929888672
Valentino Pascucci,MON,-3.620126028
Scott Downs,MON,-12.23207576
Matthew LeCroy,MIN,-0.942617532
Darren Oliver,- - -,-10.83083421
Noah Lowry,SFG,-7.667446332
Peter Bergeron,MON,-6.203244987
Horacio Ramirez,ATL,-12.73438317
Ty Wigginton,- - -,-0.521229498
Matt Cepicky,MON,-4.690793286
John Flaherty,NYY,-2.140821784
Brian Buchanan,- - -,-4.036257478
Wilson Alvarez,LAD,-8.620240701
Terrence Long,SDP,-0.936393671
Brandon Larson,CIN,-2.193082567
Benito Santiago,KCR,-1.568860094
Brad Fullmer,TEX,-1.024909586
Charles Johnson,COL,-0.836613971
Freddy Guzman,SDP,-3.791328933
Luis Rivas,MIN,-0.855271059
Frank Catalanotto,TOR,-1.128938868
Jason Grabowski,LAD,-1.621722862
Simon Pond,TOR,-5.560735504
Tomo Ohka,MON,-11.98343733
Ramón Vázquez,SDP,-2.366448076
Ismael Valdez,- - -,-5.316824849
Rob Mackowiak,PIT,-0.570703209
Glendon Rusch,CHC,-6.891893949
Michael Ryan,MIN,-4.262078535
Joe Randa,KCR,-0.593741218
Darren Bragg,- - -,-2.864725168
Kazuo Matsui,NYM,-0.63204324
Gabe Kapler,BOS,-1.038663471
Jason Giambi,NYY,-1.005372429
Quinton McCracken,- - -,-1.667583919
Mike Mordecai,FLA,-3.627035994
Tim Redding,HOU,-10.94116753
Raul Mondesi,- - -,-2.237559011
Yadier Molina,STL,-2.182156871
Ruben Gotay,KCR,-2.025600316
Keith Osik,BAL,-13.50397083
Nick Green,ATL,-1.175594358
Todd Greene,COL,-1.648327583
Brad Hawpe,COL,-2.920042593
Jason Conti,TEX,-5.757406187
Daryle Ward,PIT,-1.076580258
José Reyes,NYM,-1.520671387
Livan Hernandez,MON,-3.619607698
Brendan Harris,- - -,-5.583601866
Bobby Crosby,OAK,-0.567345706
Mendy López,KCR,-8.084788284
Wil Cordero,FLA,-4.955994813
Gabe Gross,TOR,-2.40230346
Jesse Garcia,ATL,-3.044664412
Kit Pellow,COL,-2.709367045
Tony Armas,MON,-17.3032648
Brett Myers,PHI,-6.017007979
John Olerud,- - -,-0.738119828
Chad Allen,TEX,-5.871849663
Jason Jennings,COL,-4.743097527
Yorvit Torrealba,SFG,-1.896082814
Steve Sparks,ARI,-11.65912816
Carlos Baerga,ARI,-3.970858514
Bobby Kielty,OAK,-1.350720247
John Vander Wal,CIN,-6.861238299
Alex Sanchez,DET,-1.078239758
Roberto Alomar,- - -,-2.009791944
Tim Olson,ARI,-3.368592362
Sean Burnett,PIT,-14.22731852
John McDonald,CLE,-3.855900227
Dontrelle Willis,FLA,-4.610679268
A.J. Burnett,FLA,-10.52380119
Greg Colbrunn,ARI,-13.93795495
Guillermo Quiroz,TOR,-6.857596012
Carl Pavano,FLA,-4.955534134
Matt Kata,ARI,-2.201199615
Mike Hampton,ATL,-5.542644417
Doug DeVore,ARI,-3.460581628
Jamey Wright,COL,-14.67585755
Kevin Millwood,PHI,-7.481430317
Fred McGriff,TBD,-4.916295797
Wilson Betemit,ATL,-7.708819011
Paul Lo Duca,- - -,-0.679430784
Carlos Zambrano,CHC,-4.934324947
Alex Rios,TOR,-0.887358641
Jolbert Cabrera,SEA,-1.044207666
Maicer Izturis,MON,-3.388372302
Mark Prior,CHC,-9.321109127
Josh Phelps,- - -,-1.023325578
Willie Bloomquist,SEA,-2.044989448
José Molina,ANA,-1.899930591
Herbert Perry,TEX,-2.712218201
Vicente Padilla,PHI,-10.43617975
Tom Goodwin,CHC,-3.67803741
Jose Valentin,CHW,-0.832309527
Dustin Hermanson,SFG,-11.39877311
Alex Escobar,CLE,-2.363939886
Pete Munro,HOU,-12.10664461
Deivi Cruz,SFG,-0.988746007
John Patterson,MON,-10.92798395
Pat Borders,- - -,-4.332591365
Damian Miller,OAK,-0.974388997
Greg Norton,DET,-4.374380196
Howie Clark,TOR,-3.259432627
Miguel Olivo,- - -,-1.323648417
Josh Beckett,FLA,-7.926482469
Aaron Cook,COL,-11.81263122
Ryan Church,MON,-6.160535416
Claudio Vargas,MON,-15.24790766
Zach Day,MON,-13.82795793
Jose Lima,LAD,-7.768910277
Cody McKay,STL,-5.636591896
Choo Freeman,COL,-4.244057686
Jeff Weaver,LAD,-5.758252346
Kerry Wood,CHC,-8.478927006
Joe McEwing,NYM,-2.929994398
Jerome Williams,SFG,-10.50653847
Mike Lieberthal,PHI,-0.856631043
Jose Macias,CHC,-2.227263738
Tim Salmon,ANA,-2.216881811
Jake Peavy,SDP,-6.729683429
Ken Huckaby,- - -,-8.358582421
Shawn Wooten,PHI,-8.078291133
Shawn Estes,COL,-5.774141234
Luis Gonzalez,COL,-1.3211142
Fernando Vina,DET,-3.582681924
Edgar Renteria,STL,-0.734029725
Shane Halter,ANA,-3.909622857
Luis Terrero,ARI,-1.89417624
Billy McMillon,OAK,-4.75383761
Bret Boone,SEA,-0.738246974
Oliver Pérez,PIT,-6.761543154
Rey Ordonez,CHC,-7.281818814
Cory Lidle,- - -,-6.533017168
Ruben Mateo,- - -,-3.585823472
Woody Williams,STL,-7.031009856
Cesar Izturis,LAD,-0.684722115
Jose Leon,BAL,-7.23495421
Mark McLemore,OAK,-1.698111115
Jason LaRue,CIN,-1.133620009
Bobby Hill,PIT,-1.89561483
Mike Hessman,ATL,-7.188152562
Jacque Jones,MIN,-0.84429669
Jose Lopez,SEA,-2.363199312
Eric Karros,OAK,-4.688872732
Josh Kroeger,ARI,-9.476605538
Lenny Harris,FLA,-5.309456325
Carl Everett,- - -,-1.719330158
Chris Gomez,TOR,-1.420236737
Corky Miller,CIN,-10.92830426
Jay Payton,SDP,-1.051435261
Willie Harris,CHW,-1.138804828
Tim Laker,CLE,-4.208036003
Scott Podsednik,MIL,-0.762538274
Danny Bautista,ARI,-0.935695816
Joe Kennedy,COL,-10.09780284
José Bautista,- - -,-5.686977024
Steve Trachsel,NYM,-7.703384329
Jacob Cruz,CIN,-3.316303171
Robert Machado,BAL,-7.210078293
Tony Graffanino,KCR,-1.796983447
Casey Kotchman,ANA,-4.415016122
Ricky Gutierrez,- - -,-5.053014479
Tim Hummel,CIN,-4.560147751
Eddie Pérez,ATL,-3.036772163
Casey Fossum,ARI,-12.45173019
Chad Tracy,ARI,-1.081735957
Tomas Perez,PHI,-3.040101867
Matt Morris,STL,-7.759244588
Rene Reyes,COL,-8.855330707
Luis Lopez,BAL,-6.080258304
Kaz Ishii,LAD,-9.521241629
Ken Harvey,KCR,-1.205172734
Wes Helms,MIL,-1.949022272
Victor Santos,MIL,-12.68938824
John Thomson,ATL,-7.861037471
Jason Schmidt,SFG,-7.134318723
Andy Fox,- - -,-10.71902632
Mike Redmond,FLA,-2.201515518
Matt Clement,CHC,-9.868531148
Morgan Ensberg,HOU,-1.323953268
Kirk Rueter,SFG,-9.083014321
Edgar Martinez,SEA,-1.11344428
Scott Hairston,ARI,-1.686418178
John Buck,KCR,-2.387800074
Dee Brown,KCR,-2.969997332
Paul Bako,CHC,-4.007352563
Al Leiter,NYM,-10.71974502
Alfredo Amezaga,ANA,-6.057931629
Eric Milton,PHI,-8.496536586
Cesar Crespo,BOS,-8.07370089
Roger Clemens,HOU,-8.266494343
Jaret Wright,ATL,-9.977125179
Preston Wilson,COL,-2.931428793
Ramon Castro,FLA,-6.064379339
Sandy Alomar Jr.,CHW,-4.011035712
Dave Berg,TOR,-4.107356517
David Wells,SDP,-9.64570781
Ronald Calloway,MON,-7.323742699
David Eckstein,ANA,-1.046974078
Laynce Nix,TEX,-1.681991636
Javier Valentin,CIN,-3.03285573
Jose Acevedo,CIN,-12.97460234
Juan Encarnacion,- - -,-1.268589961
Joe Crede,CHW,-1.268972493
Gerald Laird,TEX,-4.17249647
Brook Fordyce,TBD,-4.316985869
Aaron Guiel,KCR,-4.511254151
Odalis Perez,LAD,-10.17518171
Jerry Gil,ARI,-8.153169193
Jay Gibbons,BAL,-1.898695726
Ben Sheets,MIL,-8.941587566
Brad Penny,- - -,-14.10052815
Kris Benson,- - -,-9.804677263
Andy Green,ARI,-6.181730239
Endy Chavez,MON,-1.35217178
Paul Wilson,CIN,-10.57807379
Greg Maddux,CHC,-9.390698685
Rich Aurilia,- - -,-1.653004688
Einar Díaz,MON,-4.721226895
Chris Stynes,PIT,-4.317961944
Rod Barajas,TEX,-1.933806793
Chris Woodward,TOR,-3.244369554
Brian Lawrence,SDP,-10.36375931
Marlon Anderson,STL,-2.79515778
Russ Ortiz,ATL,-10.79903507
Marco Scutaro,OAK,-1.623753105
Brian Jordan,TEX,-3.349487296
Robert Fick,- - -,-3.085573456
Tike Redman,PIT,-1.348057267
Bengie Molina,ANA,-2.16770315
Jose Vizcaino,HOU,-2.04635304
Roy Oswalt,HOU,-9.080228062
Todd Zeile,NYM,-2.051785618
Brett Tomko,SFG,-10.63165409
Karim Garcia,- - -,-2.97914307
Brian Schneider,MON,-1.693706107
Denny Hocking,COL,-7.806114394
Joe Borchard,CHW,-3.743851754
Aaron Harang,CIN,-13.70140133
Brandon Webb,ARI,-11.83594846
Ramon Martinez,CHC,-2.841209429
Randy Johnson,ARI,-9.755960177
Josh Fogg,PIT,-13.34721067
Chris Carpenter,STL,-12.76247043
Doug Glanville,PHI,-4.890537405
Jeff Suppan,STL,-13.18326387
David Ross,LAD,-4.553313296
Royce Clayton,COL,-1.329473285
Robby Hammock,ARI,-4.132873666
Timo Perez,CHW,-2.716463821
Reed Johnson,TOR,-1.52642297
Damian Rolls,TBD,-7.081766901
Richard Hidalgo,- - -,-1.620615813
Ben Davis,- - -,-4.536270981
Cristian Guzman,MIN,-1.545881031
Doug Mientkiewicz,- - -,-2.163070345
Alex Gonzalez,- - -,-3.225108898
Juan Castro,CIN,-3.104094616
Gary Bennett,MIL,-4.007771707
Abraham M. Nunez,- - -,-3.094159653
Abraham O. Nunez,PIT,-5.16628771
Pokey Reese,BOS,-3.790486869
Kevin Cash,TOR,-5.159229582
Rey Sanchez,TBD,-3.388851539
A.J. Pierzynski,SFG,-2.041247404
Angel Berroa,KCR,-1.887899779
Eric Hinske,TOR,-1.663384252
Jose Castillo,PIT,-2.583777752
Enrique Wilson,NYY,-4.107901829
Dan Wilson,SEA,-3.014323183
Juan Brito,ARI,-6.024192652
Scott Spiezio,SEA,-2.69031101
Doug Davis,MIL,-15.8387964
Raul Chavez,HOU,-6.399278276
Brent Mayne,- - -,-5.109515046
Luis Matos,BAL,-3.190451519
Aaron Miles,COL,-2.025206223
Neifi Perez,- - -,-2.744982563
Marlon Byrd,PHI,-3.096906103
Bill Hall,MIL,-2.840239066
Craig Counsell,MIL,-2.158464824
Henry Blanco,MIN,-3.462757452
Geoff Blum,TBD,-3.332898206
Mark DeRosa,ATL,-3.599493411
Randall Simon,- - -,-6.165066708
Toby Hall,TBD,-3.093792298
Alex Gonzalez,FLA,-2.381608042
Mike Matheny,STL,-3.406548829
Tony Batista,MON,-2.226978657
Jason Phillips,NYM,-3.576908949
Orlando Cabrera,- - -,-2.207076279
Desi Relaford,KCR,-3.547317632
Brad Ausmus,HOU,-3.454886323
Alex Cintron,ARI,-2.675797215
Chad Moeller,MIL,-4.868614187
